Condition,Vis,VGS,Overall
Control (Standard SEO),0.116555,0.746325,0.43144000000000005
Completeness Only,0.13484833333333332,0.7983083333333333,0.4665783333333334
Texture Only,0.19476833333333332,0.7449816666666667,0.469875
Pattern Only,0.18159,0.7469216666666667,0.4642558333333333
All Rules Combined,0.16994499999999998,0.7737866666666666,0.4718658333333333
